,new_id,genre,speaker
0,9_nicolas_42,9,nicolas
1,5_jackson_37,5,jackson
2,1_jackson_22,1,jackson
3,2_yweweler_13,2,yweweler
4,0_jackson_15,0,jackson
5,3_nicolas_36,3,nicolas
6,3_george_25,3,george
7,2_nicolas_20,2,nicolas
8,2_yweweler_44,2,yweweler
9,9_yweweler_15,9,yweweler
10,2_theo_24,2,theo
11,9_george_4,9,george
12,3_jackson_23,3,jackson
13,4_nicolas_49,4,nicolas
14,4_george_3,4,george
15,3_lucas_14,3,lucas
16,4_lucas_8,4,lucas
17,2_lucas_46,2,lucas
18,6_george_15,6,george
19,4_jackson_4,4,jackson
20,2_yweweler_38,2,yweweler
21,3_nicolas_11,3,nicolas
22,6_theo_10,6,theo
23,7_jackson_43,7,jackson
24,0_george_11,0,george
25,1_theo_41,1,theo
26,6_yweweler_34,6,yweweler
27,5_george_15,5,george
28,5_theo_8,5,theo
29,8_lucas_26,8,lucas
30,2_yweweler_17,2,yweweler
31,6_jackson_24,6,jackson
32,4_george_40,4,george
33,5_nicolas_33,5,nicolas
34,4_theo_35,4,theo
35,2_lucas_22,2,lucas
36,4_nicolas_14,4,nicolas
37,0_lucas_7,0,lucas
38,7_george_35,7,george
39,6_jackson_3,6,jackson
40,8_yweweler_43,8,yweweler
41,6_theo_2,6,theo
42,1_lucas_9,1,lucas
43,4_george_29,4,george
44,8_theo_20,8,theo
45,5_nicolas_30,5,nicolas
46,1_theo_23,1,theo
47,6_theo_33,6,theo
48,8_lucas_28,8,lucas
49,6_theo_43,6,theo
50,7_theo_24,7,theo
51,4_lucas_9,4,lucas
52,4_george_36,4,george
53,6_jackson_11,6,jackson
54,0_theo_46,0,theo
55,2_nicolas_9,2,nicolas
56,3_theo_1,3,theo
57,8_lucas_20,8,lucas
58,9_yweweler_49,9,yweweler
59,7_theo_9,7,theo
60,6_theo_19,6,theo
61,6_theo_39,6,theo
62,5_george_0,5,george
63,4_jackson_15,4,jackson
64,5_jackson_29,5,jackson
65,7_yweweler_5,7,yweweler
66,7_yweweler_34,7,yweweler
67,7_jackson_6,7,jackson
68,9_theo_1,9,theo
69,4_lucas_29,4,lucas
70,5_jackson_45,5,jackson
71,5_george_21,5,george
72,6_jackson_31,6,jackson
73,4_yweweler_29,4,yweweler
74,1_nicolas_37,1,nicolas
75,3_nicolas_47,3,nicolas
76,6_nicolas_25,6,nicolas
77,2_lucas_10,2,lucas
78,6_yweweler_15,6,yweweler
79,6_george_5,6,george
80,0_george_16,0,george
81,2_theo_9,2,theo
82,5_theo_34,5,theo
83,5_lucas_19,5,lucas
84,0_theo_11,0,theo
85,0_lucas_34,0,lucas
86,2_jackson_42,2,jackson
87,0_george_46,0,george
88,4_jackson_10,4,jackson
89,7_yweweler_33,7,yweweler
90,0_george_15,0,george
91,4_lucas_36,4,lucas
92,8_george_14,8,george
93,0_nicolas_16,0,nicolas
94,4_nicolas_48,4,nicolas
95,0_lucas_17,0,lucas
96,6_lucas_32,6,lucas
97,1_theo_0,1,theo
98,5_yweweler_22,5,yweweler
99,3_nicolas_8,3,nicolas
100,7_george_28,7,george
101,9_george_25,9,george
102,2_yweweler_1,2,yweweler
103,8_yweweler_35,8,yweweler
104,1_george_31,1,george
105,9_nicolas_23,9,nicolas
106,9_theo_27,9,theo
107,7_theo_38,7,theo
108,9_yweweler_34,9,yweweler
109,3_jackson_33,3,jackson
110,4_theo_28,4,theo
111,3_george_29,3,george
112,6_george_39,6,george
113,0_yweweler_33,0,yweweler
114,0_jackson_21,0,jackson
115,2_jackson_11,2,jackson
116,8_nicolas_27,8,nicolas
117,9_george_15,9,george
118,1_yweweler_12,1,yweweler
119,6_yweweler_48,6,yweweler
120,3_lucas_24,3,lucas
121,8_theo_44,8,theo
122,2_lucas_49,2,lucas
123,0_lucas_35,0,lucas
124,1_lucas_26,1,lucas
125,6_theo_41,6,theo
126,3_theo_7,3,theo
127,7_lucas_23,7,lucas
128,9_nicolas_6,9,nicolas
129,4_george_22,4,george
130,8_george_2,8,george
131,4_yweweler_10,4,yweweler
132,5_nicolas_43,5,nicolas
133,4_george_39,4,george
134,4_lucas_12,4,lucas
135,6_yweweler_14,6,yweweler
136,2_lucas_12,2,lucas
137,2_nicolas_22,2,nicolas
138,7_theo_17,7,theo
139,0_jackson_47,0,jackson
140,5_george_7,5,george
141,7_theo_29,7,theo
142,7_lucas_1,7,lucas
143,7_lucas_16,7,lucas
144,2_theo_26,2,theo
145,0_yweweler_17,0,yweweler
146,2_jackson_20,2,jackson
147,4_jackson_36,4,jackson
148,4_theo_32,4,theo
149,9_lucas_41,9,lucas
150,6_lucas_39,6,lucas
151,1_george_1,1,george
152,1_yweweler_1,1,yweweler
153,7_theo_43,7,theo
154,1_theo_13,1,theo
155,3_lucas_26,3,lucas
156,2_theo_8,2,theo
157,8_lucas_7,8,lucas
158,9_nicolas_18,9,nicolas
159,8_theo_15,8,theo
160,0_george_44,0,george
161,7_theo_2,7,theo
162,6_lucas_38,6,lucas
163,4_jackson_42,4,jackson
164,8_lucas_29,8,lucas
165,2_nicolas_2,2,nicolas
166,5_theo_43,5,theo
167,2_jackson_29,2,jackson
168,3_theo_3,3,theo
169,6_lucas_9,6,lucas
170,6_lucas_2,6,lucas
171,5_jackson_8,5,jackson
172,1_lucas_36,1,lucas
173,2_yweweler_26,2,yweweler
174,6_george_47,6,george
175,7_yweweler_37,7,yweweler
176,4_nicolas_30,4,nicolas
177,3_jackson_21,3,jackson
178,0_yweweler_6,0,yweweler
179,9_lucas_46,9,lucas
180,8_nicolas_44,8,nicolas
181,7_yweweler_27,7,yweweler
182,6_george_0,6,george
183,0_theo_17,0,theo
184,0_yweweler_18,0,yweweler
185,0_yweweler_8,0,yweweler
186,4_jackson_6,4,jackson
187,4_yweweler_24,4,yweweler
188,1_yweweler_24,1,yweweler
189,4_yweweler_17,4,yweweler
190,5_theo_25,5,theo
191,4_nicolas_40,4,nicolas
192,8_george_47,8,george
193,9_lucas_27,9,lucas
194,9_george_20,9,george
195,9_yweweler_10,9,yweweler
196,0_lucas_21,0,lucas
197,8_jackson_42,8,jackson
198,5_nicolas_5,5,nicolas
199,1_nicolas_29,1,nicolas
200,0_lucas_37,0,lucas
201,1_george_13,1,george
202,4_yweweler_19,4,yweweler
203,8_nicolas_45,8,nicolas
204,9_jackson_18,9,jackson
205,6_jackson_0,6,jackson
206,2_theo_46,2,theo
207,4_lucas_49,4,lucas
208,7_lucas_8,7,lucas
209,6_yweweler_1,6,yweweler
210,8_lucas_1,8,lucas
211,3_theo_48,3,theo
212,4_yweweler_13,4,yweweler
213,1_yweweler_26,1,yweweler
214,5_theo_11,5,theo
215,0_lucas_14,0,lucas
216,9_nicolas_48,9,nicolas
217,4_lucas_41,4,lucas
218,0_nicolas_26,0,nicolas
219,5_lucas_27,5,lucas
220,6_theo_35,6,theo
221,1_nicolas_32,1,nicolas
222,1_george_42,1,george
223,8_lucas_48,8,lucas
224,0_lucas_25,0,lucas
225,2_nicolas_13,2,nicolas
226,4_nicolas_34,4,nicolas
227,2_theo_36,2,theo
228,4_yweweler_31,4,yweweler
229,3_lucas_46,3,lucas
230,5_jackson_35,5,jackson
231,3_lucas_18,3,lucas
232,8_lucas_13,8,lucas
233,3_george_8,3,george
234,7_yweweler_21,7,yweweler
235,1_nicolas_45,1,nicolas
236,1_george_17,1,george
237,9_nicolas_26,9,nicolas
238,9_nicolas_14,9,nicolas
239,7_nicolas_6,7,nicolas
240,4_yweweler_37,4,yweweler
241,2_jackson_43,2,jackson
242,8_nicolas_32,8,nicolas
243,6_jackson_15,6,jackson
244,2_nicolas_19,2,nicolas
245,9_lucas_42,9,lucas
246,1_lucas_43,1,lucas
247,7_nicolas_22,7,nicolas
248,5_theo_41,5,theo
249,2_theo_2,2,theo
250,6_nicolas_2,6,nicolas
251,7_lucas_6,7,lucas
252,4_theo_36,4,theo
253,3_lucas_22,3,lucas
254,5_jackson_32,5,jackson
255,3_jackson_17,3,jackson
256,0_jackson_11,0,jackson
257,9_nicolas_21,9,nicolas
258,5_nicolas_9,5,nicolas
259,8_nicolas_25,8,nicolas
260,7_lucas_33,7,lucas
261,4_lucas_45,4,lucas
262,6_theo_40,6,theo
263,4_nicolas_42,4,nicolas
264,3_lucas_16,3,lucas
265,8_yweweler_36,8,yweweler
266,7_lucas_26,7,lucas
267,4_jackson_37,4,jackson
268,0_nicolas_28,0,nicolas
269,7_theo_42,7,theo
270,6_yweweler_22,6,yweweler
271,4_george_15,4,george
272,2_nicolas_44,2,nicolas
273,5_george_19,5,george
274,0_yweweler_10,0,yweweler
275,8_theo_31,8,theo
276,5_lucas_7,5,lucas
277,1_theo_25,1,theo
278,7_lucas_28,7,lucas
279,7_nicolas_31,7,nicolas
280,6_theo_47,6,theo
281,2_george_30,2,george
282,2_george_29,2,george
283,2_yweweler_30,2,yweweler
284,8_lucas_27,8,lucas
285,7_lucas_30,7,lucas
286,9_jackson_42,9,jackson
287,1_lucas_4,1,lucas
288,7_theo_48,7,theo
289,6_theo_37,6,theo
290,2_nicolas_17,2,nicolas
291,5_theo_13,5,theo
292,1_yweweler_6,1,yweweler
293,1_yweweler_2,1,yweweler
294,3_theo_19,3,theo
295,8_george_9,8,george
296,6_yweweler_6,6,yweweler
297,5_nicolas_21,5,nicolas
298,6_lucas_4,6,lucas
299,9_george_0,9,george
300,4_jackson_33,4,jackson
301,8_lucas_39,8,lucas
302,2_yweweler_24,2,yweweler
303,3_nicolas_49,3,nicolas
304,3_yweweler_21,3,yweweler
305,8_jackson_47,8,jackson
306,6_yweweler_47,6,yweweler
307,2_george_22,2,george
308,9_lucas_6,9,lucas
309,0_nicolas_20,0,nicolas
310,2_theo_33,2,theo
311,0_yweweler_9,0,yweweler
312,8_jackson_5,8,jackson
313,9_theo_26,9,theo
314,9_jackson_24,9,jackson
315,3_nicolas_20,3,nicolas
316,3_theo_35,3,theo
317,3_yweweler_20,3,yweweler
318,6_george_38,6,george
319,5_nicolas_22,5,nicolas
320,7_theo_3,7,theo
321,2_theo_21,2,theo
322,1_nicolas_44,1,nicolas
323,6_jackson_25,6,jackson
324,2_jackson_37,2,jackson
325,3_george_22,3,george
326,2_george_38,2,george
327,4_lucas_13,4,lucas
328,8_theo_30,8,theo
329,5_lucas_44,5,lucas
330,0_lucas_8,0,lucas
331,0_george_36,0,george
332,8_nicolas_7,8,nicolas
333,8_nicolas_17,8,nicolas
334,6_lucas_7,6,lucas
335,7_jackson_28,7,jackson
336,1_theo_16,1,theo
337,2_theo_43,2,theo
338,7_lucas_21,7,lucas
339,0_lucas_38,0,lucas
340,5_yweweler_29,5,yweweler
341,9_theo_3,9,theo
342,7_jackson_25,7,jackson
343,1_nicolas_42,1,nicolas
344,1_nicolas_38,1,nicolas
345,9_george_7,9,george
346,7_theo_34,7,theo
347,0_lucas_2,0,lucas
348,6_jackson_36,6,jackson
349,9_nicolas_3,9,nicolas
350,7_theo_15,7,theo
351,3_yweweler_44,3,yweweler
352,6_george_14,6,george
353,1_yweweler_36,1,yweweler
354,9_nicolas_32,9,nicolas
355,0_theo_7,0,theo
356,9_nicolas_28,9,nicolas
357,2_jackson_18,2,jackson
358,5_theo_48,5,theo
359,0_jackson_7,0,jackson
360,7_lucas_36,7,lucas
361,8_jackson_25,8,jackson
362,1_lucas_12,1,lucas
363,0_yweweler_0,0,yweweler
364,4_theo_37,4,theo
365,4_lucas_21,4,lucas
366,2_george_49,2,george
367,9_george_21,9,george
368,7_theo_4,7,theo
369,0_yweweler_31,0,yweweler
370,0_lucas_46,0,lucas
371,0_yweweler_26,0,yweweler
372,0_george_6,0,george
373,8_yweweler_15,8,yweweler
374,6_theo_27,6,theo
375,4_george_24,4,george
376,8_theo_40,8,theo
377,1_theo_14,1,theo
378,1_nicolas_40,1,nicolas
379,3_george_14,3,george
380,2_jackson_24,2,jackson
381,2_theo_20,2,theo
382,3_lucas_30,3,lucas
383,4_george_0,4,george
384,8_nicolas_36,8,nicolas
385,6_nicolas_16,6,nicolas
386,5_yweweler_36,5,yweweler
387,6_nicolas_34,6,nicolas
388,8_yweweler_22,8,yweweler
389,4_george_27,4,george
390,8_nicolas_22,8,nicolas
391,9_nicolas_20,9,nicolas
392,4_nicolas_26,4,nicolas
393,3_yweweler_16,3,yweweler
394,1_theo_36,1,theo
395,4_george_35,4,george
396,3_theo_40,3,theo
397,5_theo_3,5,theo
398,1_nicolas_39,1,nicolas
399,3_yweweler_18,3,yweweler
400,2_lucas_28,2,lucas
401,9_nicolas_46,9,nicolas
402,4_lucas_38,4,lucas
403,8_yweweler_1,8,yweweler
404,6_yweweler_40,6,yweweler
405,3_lucas_37,3,lucas
406,0_george_41,0,george
407,9_lucas_19,9,lucas
408,7_theo_35,7,theo
409,6_theo_25,6,theo
410,1_lucas_6,1,lucas
411,2_yweweler_4,2,yweweler
412,6_lucas_29,6,lucas
413,7_nicolas_48,7,nicolas
414,4_lucas_16,4,lucas
415,0_lucas_26,0,lucas
416,0_george_20,0,george
417,6_george_17,6,george
418,1_theo_10,1,theo
419,9_lucas_20,9,lucas
420,2_george_42,2,george
421,5_jackson_9,5,jackson
422,8_nicolas_34,8,nicolas
423,4_jackson_27,4,jackson
424,6_lucas_40,6,lucas
425,1_lucas_45,1,lucas
426,4_yweweler_43,4,yweweler
427,7_yweweler_24,7,yweweler
428,7_lucas_22,7,lucas
429,9_yweweler_2,9,yweweler
430,9_lucas_28,9,lucas
431,0_jackson_18,0,jackson
432,2_jackson_22,2,jackson
433,0_jackson_40,0,jackson
434,4_yweweler_30,4,yweweler
435,4_yweweler_21,4,yweweler
436,0_nicolas_13,0,nicolas
437,2_george_25,2,george
438,0_theo_25,0,theo
439,6_george_6,6,george
440,5_yweweler_21,5,yweweler
441,4_george_4,4,george
442,9_yweweler_47,9,yweweler
443,6_yweweler_37,6,yweweler
444,4_nicolas_2,4,nicolas
445,7_nicolas_19,7,nicolas
446,5_theo_21,5,theo
447,5_theo_33,5,theo
448,7_nicolas_41,7,nicolas
449,4_jackson_2,4,jackson
450,7_george_34,7,george
451,9_jackson_23,9,jackson
452,4_nicolas_5,4,nicolas
453,7_nicolas_44,7,nicolas
454,6_theo_14,6,theo
455,1_lucas_30,1,lucas
456,0_theo_49,0,theo
457,8_jackson_32,8,jackson
458,1_george_15,1,george
459,0_jackson_3,0,jackson
460,0_nicolas_0,0,nicolas
461,7_jackson_48,7,jackson
462,0_nicolas_46,0,nicolas
463,0_jackson_9,0,jackson
464,7_theo_14,7,theo
465,0_yweweler_43,0,yweweler
466,1_jackson_2,1,jackson
467,0_theo_19,0,theo
468,3_george_9,3,george
469,5_lucas_26,5,lucas
470,4_nicolas_6,4,nicolas
471,8_theo_0,8,theo
472,0_jackson_38,0,jackson
473,7_nicolas_9,7,nicolas
474,4_lucas_20,4,lucas
475,8_theo_8,8,theo
476,0_nicolas_39,0,nicolas
477,3_george_7,3,george
478,6_theo_0,6,theo
479,8_nicolas_26,8,nicolas
480,9_yweweler_40,9,yweweler
481,9_jackson_11,9,jackson
482,7_jackson_30,7,jackson
483,5_nicolas_16,5,nicolas
484,3_yweweler_29,3,yweweler
485,7_nicolas_1,7,nicolas
486,1_jackson_11,1,jackson
487,8_lucas_22,8,lucas
488,5_george_28,5,george
489,1_yweweler_30,1,yweweler
490,6_lucas_0,6,lucas
491,8_theo_35,8,theo
492,8_jackson_48,8,jackson
493,2_theo_42,2,theo
494,9_nicolas_10,9,nicolas
495,5_nicolas_31,5,nicolas
496,7_jackson_45,7,jackson
497,1_lucas_23,1,lucas
498,7_george_21,7,george
499,9_lucas_45,9,lucas
500,5_lucas_2,5,lucas
501,4_george_33,4,george
502,9_george_42,9,george
503,0_nicolas_48,0,nicolas
504,2_jackson_0,2,jackson
505,3_lucas_36,3,lucas
506,7_yweweler_1,7,yweweler
507,5_george_5,5,george
508,2_nicolas_10,2,nicolas
509,3_theo_0,3,theo
510,6_jackson_34,6,jackson
511,4_george_5,4,george
512,9_nicolas_35,9,nicolas
513,8_nicolas_41,8,nicolas
514,7_lucas_17,7,lucas
515,0_yweweler_38,0,yweweler
516,9_george_13,9,george
517,3_george_23,3,george
518,2_jackson_12,2,jackson
519,7_lucas_2,7,lucas
520,6_george_24,6,george
521,0_jackson_46,0,jackson
522,6_lucas_10,6,lucas
523,2_george_27,2,george
524,3_george_19,3,george
525,2_jackson_19,2,jackson
526,8_theo_46,8,theo
527,8_jackson_24,8,jackson
528,2_theo_19,2,theo
529,8_lucas_37,8,lucas
530,6_theo_46,6,theo
531,4_yweweler_34,4,yweweler
532,0_jackson_30,0,jackson
533,7_theo_23,7,theo
534,6_lucas_1,6,lucas
535,1_lucas_33,1,lucas
536,0_theo_15,0,theo
537,3_george_31,3,george
538,9_yweweler_48,9,yweweler
539,3_george_44,3,george
540,0_theo_12,0,theo
541,0_nicolas_47,0,nicolas
542,0_lucas_44,0,lucas
543,7_jackson_3,7,jackson
544,4_nicolas_35,4,nicolas
545,2_lucas_0,2,lucas
546,8_george_12,8,george
547,0_george_30,0,george
548,9_theo_21,9,theo
549,0_yweweler_45,0,yweweler
550,9_nicolas_5,9,nicolas
551,5_jackson_14,5,jackson
552,9_jackson_33,9,jackson
553,8_yweweler_24,8,yweweler
554,2_nicolas_32,2,nicolas
555,2_nicolas_27,2,nicolas
556,9_jackson_48,9,jackson
557,8_nicolas_0,8,nicolas
558,3_yweweler_17,3,yweweler
559,0_jackson_43,0,jackson
560,4_yweweler_18,4,yweweler
561,6_george_8,6,george
562,4_theo_15,4,theo
563,5_george_11,5,george
564,2_theo_1,2,theo
565,4_jackson_30,4,jackson
566,4_lucas_28,4,lucas
567,2_lucas_43,2,lucas
568,6_jackson_6,6,jackson
569,7_lucas_35,7,lucas
570,9_theo_22,9,theo
571,3_nicolas_19,3,nicolas
572,5_lucas_29,5,lucas
573,9_george_23,9,george
574,2_lucas_38,2,lucas
575,2_lucas_20,2,lucas
576,5_jackson_34,5,jackson
577,6_george_10,6,george
578,1_yweweler_46,1,yweweler
579,3_lucas_28,3,lucas
580,4_yweweler_0,4,yweweler
581,4_theo_20,4,theo
582,8_george_18,8,george
583,2_lucas_27,2,lucas
584,6_lucas_16,6,lucas
585,6_lucas_42,6,lucas
586,7_george_7,7,george
587,7_nicolas_49,7,nicolas
588,9_yweweler_39,9,yweweler
589,8_yweweler_25,8,yweweler
590,3_lucas_2,3,lucas
591,4_yweweler_9,4,yweweler
592,9_yweweler_30,9,yweweler
593,2_lucas_8,2,lucas
594,9_theo_33,9,theo
595,3_yweweler_30,3,yweweler
596,5_yweweler_41,5,yweweler
597,5_nicolas_47,5,nicolas
598,5_nicolas_2,5,nicolas
599,8_yweweler_16,8,yweweler
600,2_nicolas_45,2,nicolas
601,5_george_41,5,george
602,5_george_8,5,george
603,6_nicolas_44,6,nicolas
604,6_nicolas_4,6,nicolas
605,8_theo_10,8,theo
606,0_george_1,0,george
607,8_theo_33,8,theo
608,8_nicolas_33,8,nicolas
609,9_george_22,9,george
610,9_yweweler_37,9,yweweler
611,3_nicolas_44,3,nicolas
612,8_jackson_1,8,jackson
613,3_nicolas_42,3,nicolas
614,3_george_43,3,george
615,7_theo_20,7,theo
616,7_yweweler_0,7,yweweler
617,2_nicolas_1,2,nicolas
618,5_george_48,5,george
619,5_jackson_41,5,jackson
620,5_theo_42,5,theo
621,9_nicolas_7,9,nicolas
622,0_yweweler_24,0,yweweler
623,2_jackson_44,2,jackson
624,1_lucas_1,1,lucas
625,4_lucas_46,4,lucas
626,0_nicolas_34,0,nicolas
627,7_theo_32,7,theo
628,6_jackson_12,6,jackson
629,1_jackson_41,1,jackson
630,5_theo_2,5,theo
631,8_theo_6,8,theo
632,2_jackson_41,2,jackson
633,4_yweweler_39,4,yweweler
634,3_nicolas_32,3,nicolas
635,5_george_43,5,george
636,1_yweweler_11,1,yweweler
637,9_yweweler_23,9,yweweler
638,7_nicolas_25,7,nicolas
639,0_george_0,0,george
640,3_nicolas_5,3,nicolas
641,0_nicolas_44,0,nicolas
642,0_george_26,0,george
643,1_lucas_5,1,lucas
644,6_george_34,6,george
645,6_yweweler_5,6,yweweler
646,6_yweweler_19,6,yweweler
647,2_yweweler_48,2,yweweler
648,5_theo_44,5,theo
649,8_yweweler_32,8,yweweler
650,2_george_41,2,george
651,4_nicolas_44,4,nicolas
652,6_nicolas_31,6,nicolas
653,8_lucas_0,8,lucas
654,5_jackson_47,5,jackson
655,6_george_20,6,george
656,5_yweweler_14,5,yweweler
657,7_jackson_11,7,jackson
658,9_yweweler_0,9,yweweler
659,2_george_40,2,george
660,8_lucas_2,8,lucas
661,7_yweweler_15,7,yweweler
662,3_george_33,3,george
663,1_jackson_44,1,jackson
664,1_yweweler_23,1,yweweler
665,1_jackson_27,1,jackson
666,9_jackson_49,9,jackson
667,5_jackson_25,5,jackson
668,3_yweweler_39,3,yweweler
669,0_theo_26,0,theo
670,8_yweweler_42,8,yweweler
671,5_theo_10,5,theo
672,6_nicolas_32,6,nicolas
673,7_theo_27,7,theo
674,6_lucas_46,6,lucas
675,3_theo_44,3,theo
676,3_george_46,3,george
677,6_theo_22,6,theo
678,0_george_32,0,george
679,1_nicolas_19,1,nicolas
680,5_lucas_10,5,lucas
681,2_yweweler_0,2,yweweler
682,8_lucas_21,8,lucas
683,2_yweweler_34,2,yweweler
684,1_yweweler_19,1,yweweler
685,5_george_37,5,george
686,0_george_37,0,george
687,1_george_16,1,george
688,4_jackson_16,4,jackson
689,9_yweweler_46,9,yweweler
690,4_lucas_35,4,lucas
691,7_yweweler_22,7,yweweler
692,9_theo_13,9,theo
693,8_theo_41,8,theo
694,8_lucas_16,8,lucas
695,6_yweweler_0,6,yweweler
696,9_jackson_16,9,jackson
697,1_theo_31,1,theo
698,5_theo_4,5,theo
699,6_yweweler_41,6,yweweler
700,0_theo_16,0,theo
701,3_nicolas_9,3,nicolas
702,1_yweweler_17,1,yweweler
703,8_george_48,8,george
704,3_nicolas_7,3,nicolas
705,0_jackson_32,0,jackson
706,9_jackson_34,9,jackson
707,5_george_20,5,george
708,5_nicolas_23,5,nicolas
709,0_yweweler_32,0,yweweler
710,6_yweweler_11,6,yweweler
711,5_yweweler_37,5,yweweler
712,2_theo_49,2,theo
713,8_george_19,8,george
714,6_george_23,6,george
715,4_nicolas_32,4,nicolas
716,3_jackson_46,3,jackson
717,4_theo_40,4,theo
718,7_george_38,7,george
719,9_nicolas_12,9,nicolas
720,2_george_15,2,george
721,8_jackson_35,8,jackson
722,1_lucas_21,1,lucas
723,5_theo_12,5,theo
724,7_jackson_16,7,jackson
725,5_george_17,5,george
726,7_nicolas_18,7,nicolas
727,5_nicolas_44,5,nicolas
728,4_nicolas_24,4,nicolas
729,3_lucas_43,3,lucas
730,6_yweweler_10,6,yweweler
731,6_lucas_28,6,lucas
732,3_theo_30,3,theo
733,3_nicolas_34,3,nicolas
734,0_yweweler_7,0,yweweler
735,8_lucas_41,8,lucas
736,0_jackson_35,0,jackson
737,7_george_18,7,george
738,1_nicolas_9,1,nicolas
739,8_yweweler_39,8,yweweler
740,6_george_49,6,george
741,4_theo_29,4,theo
742,7_george_5,7,george
743,8_george_36,8,george
744,2_yweweler_27,2,yweweler
745,5_jackson_23,5,jackson
746,4_jackson_21,4,jackson
747,9_george_9,9,george
748,2_lucas_39,2,lucas
749,7_nicolas_13,7,nicolas
750,5_george_36,5,george
751,9_jackson_46,9,jackson
752,2_theo_31,2,theo
753,8_lucas_18,8,lucas
754,8_theo_37,8,theo
755,0_nicolas_40,0,nicolas
756,8_george_42,8,george
757,2_jackson_38,2,jackson
758,4_lucas_23,4,lucas
759,2_nicolas_21,2,nicolas
760,2_yweweler_12,2,yweweler
761,7_george_42,7,george
762,8_nicolas_3,8,nicolas
763,5_george_2,5,george
764,4_yweweler_35,4,yweweler
765,0_yweweler_23,0,yweweler
766,6_lucas_30,6,lucas
767,9_jackson_30,9,jackson
768,3_george_17,3,george
769,2_nicolas_11,2,nicolas
770,9_nicolas_44,9,nicolas
771,9_jackson_22,9,jackson
772,5_lucas_28,5,lucas
773,8_jackson_31,8,jackson
774,7_lucas_4,7,lucas
775,9_nicolas_25,9,nicolas
776,3_theo_25,3,theo
777,5_yweweler_12,5,yweweler
778,2_lucas_13,2,lucas
779,7_george_8,7,george
780,5_lucas_13,5,lucas
781,5_lucas_20,5,lucas
782,1_yweweler_41,1,yweweler
783,4_yweweler_38,4,yweweler
784,8_theo_29,8,theo
785,7_nicolas_37,7,nicolas
786,4_george_11,4,george
787,5_theo_18,5,theo
788,3_yweweler_15,3,yweweler
789,6_jackson_7,6,jackson
790,2_george_7,2,george
791,5_yweweler_42,5,yweweler
792,9_nicolas_27,9,nicolas
793,0_jackson_8,0,jackson
794,0_yweweler_14,0,yweweler
795,6_lucas_24,6,lucas
796,3_nicolas_25,3,nicolas
797,0_yweweler_35,0,yweweler
798,6_jackson_20,6,jackson
799,5_theo_7,5,theo
800,1_theo_17,1,theo
801,4_theo_8,4,theo
802,8_theo_48,8,theo
803,7_theo_33,7,theo
804,4_theo_4,4,theo
805,2_lucas_45,2,lucas
806,3_nicolas_21,3,nicolas
807,8_theo_4,8,theo
808,2_lucas_21,2,lucas
809,0_lucas_48,0,lucas
810,1_lucas_31,1,lucas
811,4_theo_30,4,theo
812,4_theo_6,4,theo
813,2_lucas_26,2,lucas
814,8_theo_17,8,theo
815,6_yweweler_20,6,yweweler
816,3_yweweler_27,3,yweweler
817,3_jackson_8,3,jackson
818,4_yweweler_40,4,yweweler
819,8_yweweler_0,8,yweweler
820,1_nicolas_34,1,nicolas
821,9_yweweler_27,9,yweweler
822,9_jackson_13,9,jackson
823,7_george_47,7,george
824,7_yweweler_29,7,yweweler
825,3_jackson_38,3,jackson
826,7_jackson_24,7,jackson
827,6_yweweler_44,6,yweweler
828,0_lucas_1,0,lucas
829,2_lucas_34,2,lucas
830,3_theo_43,3,theo
831,8_george_41,8,george
832,0_george_39,0,george
833,7_theo_22,7,theo
834,5_george_13,5,george
835,3_yweweler_19,3,yweweler
836,9_yweweler_11,9,yweweler
837,9_lucas_38,9,lucas
838,0_george_42,0,george
839,4_nicolas_37,4,nicolas
840,8_lucas_24,8,lucas
841,3_nicolas_46,3,nicolas
842,7_theo_16,7,theo
843,7_nicolas_17,7,nicolas
844,0_yweweler_37,0,yweweler
845,5_yweweler_19,5,yweweler
846,6_jackson_39,6,jackson
847,5_lucas_18,5,lucas
848,3_yweweler_3,3,yweweler
849,0_george_47,0,george
850,3_jackson_32,3,jackson
851,0_jackson_39,0,jackson
852,9_george_34,9,george
853,4_theo_31,4,theo
854,3_george_36,3,george
855,9_jackson_12,9,jackson
856,3_jackson_18,3,jackson
857,5_jackson_33,5,jackson
858,8_nicolas_28,8,nicolas
859,1_george_41,1,george
860,8_theo_19,8,theo
861,4_nicolas_4,4,nicolas
862,2_nicolas_47,2,nicolas
863,9_theo_8,9,theo
864,4_nicolas_9,4,nicolas
865,1_lucas_48,1,lucas
866,0_nicolas_1,0,nicolas
867,4_theo_19,4,theo
868,7_jackson_37,7,jackson
869,1_theo_38,1,theo
870,7_lucas_3,7,lucas
871,3_george_0,3,george
872,2_lucas_15,2,lucas
873,4_theo_14,4,theo
874,4_theo_3,4,theo
875,3_theo_46,3,theo
876,7_jackson_46,7,jackson
877,2_yweweler_18,2,yweweler
878,8_george_11,8,george
879,0_lucas_12,0,lucas
880,8_yweweler_17,8,yweweler
881,4_nicolas_45,4,nicolas
882,7_yweweler_7,7,yweweler
883,9_nicolas_37,9,nicolas
884,5_theo_38,5,theo
885,3_yweweler_34,3,yweweler
886,0_theo_32,0,theo
887,9_yweweler_35,9,yweweler
888,2_nicolas_12,2,nicolas
889,3_lucas_27,3,lucas
890,3_george_18,3,george
891,0_george_9,0,george
892,0_theo_44,0,theo
893,9_george_1,9,george
894,5_theo_14,5,theo
895,8_yweweler_26,8,yweweler
896,8_yweweler_20,8,yweweler
897,0_lucas_9,0,lucas
898,3_jackson_31,3,jackson
899,4_yweweler_1,4,yweweler
900,8_jackson_29,8,jackson
901,2_yweweler_21,2,yweweler
902,3_theo_10,3,theo
903,7_theo_7,7,theo
904,2_george_37,2,george
905,6_jackson_46,6,jackson
906,8_george_39,8,george
907,4_yweweler_3,4,yweweler
908,4_jackson_25,4,jackson
909,2_nicolas_31,2,nicolas
910,8_lucas_35,8,lucas
911,5_jackson_40,5,jackson
912,4_george_10,4,george
913,9_lucas_22,9,lucas
914,3_george_2,3,george
915,9_lucas_14,9,lucas
916,5_lucas_38,5,lucas
917,4_george_44,4,george
918,1_george_0,1,george
919,5_george_3,5,george
920,5_george_35,5,george
921,9_nicolas_24,9,nicolas
922,2_george_32,2,george
923,3_yweweler_2,3,yweweler
924,6_jackson_35,6,jackson
925,4_george_26,4,george
926,3_nicolas_6,3,nicolas
927,6_lucas_33,6,lucas
928,2_jackson_36,2,jackson
929,8_jackson_0,8,jackson
930,1_nicolas_21,1,nicolas
931,9_theo_7,9,theo
932,6_nicolas_18,6,nicolas
933,3_lucas_25,3,lucas
934,5_nicolas_15,5,nicolas
935,2_theo_7,2,theo
936,3_george_24,3,george
937,9_george_2,9,george
938,6_lucas_36,6,lucas
939,0_yweweler_34,0,yweweler
940,6_george_25,6,george
941,3_nicolas_10,3,nicolas
942,7_yweweler_40,7,yweweler
943,6_jackson_1,6,jackson
944,2_jackson_27,2,jackson
945,2_theo_37,2,theo
946,6_lucas_31,6,lucas
947,6_yweweler_21,6,yweweler
948,0_jackson_2,0,jackson
949,8_george_22,8,george
950,0_nicolas_24,0,nicolas
951,3_theo_2,3,theo
952,0_jackson_23,0,jackson
953,4_jackson_9,4,jackson
954,5_lucas_0,5,lucas
955,0_lucas_28,0,lucas
956,4_yweweler_48,4,yweweler
957,9_lucas_47,9,lucas
958,7_theo_36,7,theo
959,1_george_25,1,george
960,5_jackson_49,5,jackson
961,0_george_40,0,george
962,1_jackson_18,1,jackson
963,1_yweweler_40,1,yweweler
964,8_yweweler_47,8,yweweler
965,3_yweweler_14,3,yweweler
966,7_george_0,7,george
967,1_jackson_37,1,jackson
968,7_lucas_32,7,lucas
969,5_theo_19,5,theo
970,4_theo_2,4,theo
971,3_nicolas_48,3,nicolas
972,7_lucas_42,7,lucas
973,3_nicolas_28,3,nicolas
974,7_nicolas_36,7,nicolas
975,9_yweweler_31,9,yweweler
976,5_nicolas_6,5,nicolas
977,8_theo_7,8,theo
978,4_lucas_15,4,lucas
979,1_george_20,1,george
980,2_jackson_30,2,jackson
981,2_nicolas_48,2,nicolas
982,3_yweweler_28,3,yweweler
983,8_yweweler_10,8,yweweler
984,8_yweweler_49,8,yweweler
985,2_lucas_24,2,lucas
986,7_lucas_14,7,lucas
987,1_theo_35,1,theo
988,1_theo_49,1,theo
989,2_nicolas_36,2,nicolas
990,1_theo_46,1,theo
991,2_jackson_10,2,jackson
992,2_yweweler_20,2,yweweler
993,2_theo_14,2,theo
994,9_lucas_34,9,lucas
995,1_nicolas_5,1,nicolas
996,2_yweweler_32,2,yweweler
997,3_jackson_10,3,jackson
998,3_theo_24,3,theo
999,7_george_9,7,george
1000,9_jackson_0,9,jackson
1001,3_george_15,3,george
1002,7_yweweler_45,7,yweweler
1003,9_theo_43,9,theo
1004,3_jackson_9,3,jackson
1005,7_nicolas_14,7,nicolas
1006,3_george_37,3,george
1007,1_george_33,1,george
1008,8_nicolas_11,8,nicolas
1009,3_yweweler_45,3,yweweler
1010,2_jackson_23,2,jackson
1011,7_theo_44,7,theo
1012,9_george_18,9,george
1013,1_yweweler_34,1,yweweler
1014,5_lucas_3,5,lucas
1015,1_yweweler_49,1,yweweler
1016,7_yweweler_20,7,yweweler
1017,5_george_45,5,george
1018,5_nicolas_38,5,nicolas
1019,1_lucas_18,1,lucas
1020,3_lucas_21,3,lucas
1021,6_jackson_9,6,jackson
1022,1_jackson_48,1,jackson
1023,5_yweweler_4,5,yweweler
1024,1_lucas_40,1,lucas
1025,1_lucas_42,1,lucas
1026,9_george_36,9,george
1027,9_yweweler_25,9,yweweler
1028,2_nicolas_4,2,nicolas
1029,7_theo_40,7,theo
1030,2_lucas_36,2,lucas
1031,4_yweweler_20,4,yweweler
1032,8_yweweler_4,8,yweweler
1033,6_lucas_22,6,lucas
1034,5_jackson_20,5,jackson
1035,9_nicolas_30,9,nicolas
1036,9_george_8,9,george
1037,8_jackson_18,8,jackson
1038,2_theo_47,2,theo
1039,0_theo_37,0,theo
1040,7_theo_21,7,theo
1041,5_yweweler_23,5,yweweler
1042,7_nicolas_34,7,nicolas
1043,0_nicolas_32,0,nicolas
1044,8_theo_13,8,theo
1045,8_jackson_17,8,jackson
1046,5_lucas_46,5,lucas
1047,8_yweweler_28,8,yweweler
1048,4_jackson_28,4,jackson
1049,4_yweweler_23,4,yweweler
1050,7_lucas_19,7,lucas
1051,6_george_40,6,george
1052,2_theo_6,2,theo
1053,2_nicolas_18,2,nicolas
1054,9_yweweler_28,9,yweweler
1055,1_jackson_26,1,jackson
1056,0_theo_38,0,theo
1057,2_lucas_1,2,lucas
1058,1_lucas_20,1,lucas
1059,7_nicolas_43,7,nicolas
1060,7_nicolas_39,7,nicolas
1061,9_theo_14,9,theo
1062,6_theo_17,6,theo
1063,6_theo_11,6,theo
1064,8_theo_5,8,theo
1065,1_jackson_12,1,jackson
1066,0_jackson_49,0,jackson
1067,9_yweweler_26,9,yweweler
1068,7_lucas_27,7,lucas
1069,7_george_16,7,george
1070,8_lucas_42,8,lucas
1071,2_lucas_7,2,lucas
1072,1_yweweler_9,1,yweweler
1073,3_theo_11,3,theo
1074,3_nicolas_35,3,nicolas
1075,4_lucas_18,4,lucas
1076,3_nicolas_41,3,nicolas
1077,0_yweweler_1,0,yweweler
1078,5_george_4,5,george
1079,7_lucas_41,7,lucas
1080,8_jackson_9,8,jackson
1081,8_george_8,8,george
1082,3_lucas_19,3,lucas
1083,8_yweweler_44,8,yweweler
1084,1_lucas_29,1,lucas
1085,0_jackson_34,0,jackson
1086,8_george_25,8,george
1087,8_jackson_4,8,jackson
1088,3_yweweler_37,3,yweweler
1089,9_yweweler_1,9,yweweler
1090,5_theo_9,5,theo
1091,4_jackson_29,4,jackson
1092,8_jackson_13,8,jackson
1093,6_george_12,6,george
1094,6_yweweler_25,6,yweweler
1095,3_yweweler_40,3,yweweler
1096,9_nicolas_49,9,nicolas
1097,0_yweweler_19,0,yweweler
1098,2_george_17,2,george
1099,1_theo_4,1,theo
1100,1_theo_39,1,theo
1101,4_yweweler_32,4,yweweler
1102,0_nicolas_21,0,nicolas
1103,5_theo_28,5,theo
1104,8_jackson_36,8,jackson
1105,9_jackson_37,9,jackson
1106,3_george_34,3,george
1107,8_george_20,8,george
1108,5_theo_37,5,theo
1109,2_george_11,2,george
1110,0_theo_29,0,theo
1111,7_theo_28,7,theo
1112,8_theo_3,8,theo
1113,9_nicolas_4,9,nicolas
1114,0_theo_42,0,theo
1115,7_george_12,7,george
1116,4_george_20,4,george
1117,5_theo_0,5,theo
1118,8_george_28,8,george
1119,2_george_47,2,george
1120,6_jackson_45,6,jackson
1121,1_yweweler_31,1,yweweler
1122,2_theo_11,2,theo
1123,3_theo_18,3,theo
1124,9_theo_41,9,theo
1125,4_yweweler_7,4,yweweler
1126,1_lucas_24,1,lucas
1127,8_theo_49,8,theo
1128,0_jackson_45,0,jackson
1129,7_nicolas_12,7,nicolas
1130,9_lucas_11,9,lucas
1131,2_nicolas_49,2,nicolas
1132,8_lucas_14,8,lucas
1133,3_jackson_28,3,jackson
1134,7_lucas_37,7,lucas
1135,7_george_13,7,george
1136,5_yweweler_44,5,yweweler
1137,8_nicolas_6,8,nicolas
1138,3_lucas_44,3,lucas
1139,6_jackson_41,6,jackson
1140,5_lucas_23,5,lucas
1141,4_yweweler_25,4,yweweler
1142,5_theo_5,5,theo
1143,6_lucas_34,6,lucas
1144,2_george_48,2,george
1145,2_nicolas_7,2,nicolas
1146,1_yweweler_44,1,yweweler
1147,7_nicolas_46,7,nicolas
1148,1_nicolas_47,1,nicolas
1149,1_jackson_4,1,jackson
1150,3_george_12,3,george
1151,2_jackson_16,2,jackson
1152,8_jackson_3,8,jackson
1153,5_lucas_43,5,lucas
1154,2_theo_45,2,theo
1155,2_lucas_19,2,lucas
1156,8_jackson_28,8,jackson
1157,3_lucas_41,3,lucas
1158,1_jackson_9,1,jackson
1159,1_theo_21,1,theo
1160,8_yweweler_9,8,yweweler
1161,6_lucas_26,6,lucas
1162,3_lucas_49,3,lucas
1163,0_yweweler_22,0,yweweler
1164,0_yweweler_46,0,yweweler
1165,7_lucas_11,7,lucas
1166,9_jackson_31,9,jackson
1167,9_theo_40,9,theo
1168,1_theo_2,1,theo
1169,4_nicolas_31,4,nicolas
1170,5_jackson_10,5,jackson
1171,1_george_30,1,george
1172,1_theo_19,1,theo
1173,9_nicolas_33,9,nicolas
1174,5_jackson_4,5,jackson
1175,2_theo_29,2,theo
1176,9_theo_10,9,theo
1177,5_theo_35,5,theo
1178,0_theo_24,0,theo
1179,9_jackson_39,9,jackson
1180,2_yweweler_45,2,yweweler
1181,6_george_22,6,george
1182,6_george_45,6,george
1183,6_nicolas_9,6,nicolas
1184,1_jackson_36,1,jackson
1185,6_george_3,6,george
1186,5_theo_46,5,theo
1187,7_george_43,7,george
1188,6_lucas_14,6,lucas
1189,1_george_14,1,george
1190,0_lucas_15,0,lucas
1191,2_jackson_35,2,jackson
1192,5_jackson_17,5,jackson
1193,6_george_7,6,george
1194,0_nicolas_22,0,nicolas
1195,9_george_19,9,george
1196,9_theo_38,9,theo
1197,5_jackson_1,5,jackson
1198,2_jackson_48,2,jackson
1199,2_nicolas_43,2,nicolas
1200,0_lucas_10,0,lucas
1201,4_george_47,4,george
1202,4_yweweler_46,4,yweweler
1203,9_nicolas_43,9,nicolas
1204,1_jackson_42,1,jackson
1205,1_nicolas_48,1,nicolas
1206,9_lucas_40,9,lucas
1207,7_nicolas_11,7,nicolas
1208,6_theo_42,6,theo
1209,0_theo_48,0,theo
1210,5_yweweler_26,5,yweweler
1211,1_nicolas_7,1,nicolas
1212,1_lucas_11,1,lucas
1213,0_theo_9,0,theo
1214,0_jackson_4,0,jackson
1215,8_george_30,8,george
1216,2_yweweler_37,2,yweweler
1217,5_theo_1,5,theo
1218,3_theo_33,3,theo
1219,0_george_5,0,george
1220,4_george_13,4,george
1221,0_lucas_0,0,lucas
1222,4_george_8,4,george
1223,2_george_34,2,george
1224,8_nicolas_2,8,nicolas
1225,6_nicolas_30,6,nicolas
1226,9_lucas_2,9,lucas
1227,4_yweweler_41,4,yweweler
1228,7_george_22,7,george
1229,7_jackson_13,7,jackson
1230,3_theo_17,3,theo
1231,0_theo_43,0,theo
1232,7_jackson_47,7,jackson
1233,1_jackson_49,1,jackson
1234,1_nicolas_10,1,nicolas
1235,9_lucas_5,9,lucas
1236,7_nicolas_30,7,nicolas
1237,6_lucas_47,6,lucas
1238,1_lucas_37,1,lucas
1239,7_lucas_13,7,lucas
1240,7_jackson_22,7,jackson
1241,0_jackson_37,0,jackson
1242,7_george_46,7,george
1243,7_yweweler_16,7,yweweler
1244,0_jackson_6,0,jackson
1245,6_jackson_17,6,jackson
1246,6_jackson_13,6,jackson
1247,4_jackson_22,4,jackson
1248,5_nicolas_12,5,nicolas
1249,3_theo_34,3,theo
1250,9_jackson_25,9,jackson
1251,1_yweweler_29,1,yweweler
1252,1_george_36,1,george
1253,0_theo_5,0,theo
1254,2_lucas_44,2,lucas
1255,7_theo_49,7,theo
1256,1_nicolas_41,1,nicolas
1257,6_jackson_21,6,jackson
1258,8_yweweler_8,8,yweweler
1259,2_theo_5,2,theo
1260,3_nicolas_30,3,nicolas
1261,6_jackson_23,6,jackson
1262,9_jackson_41,9,jackson
1263,9_lucas_25,9,lucas
1264,2_yweweler_40,2,yweweler
1265,0_nicolas_6,0,nicolas
1266,9_theo_29,9,theo
1267,9_yweweler_17,9,yweweler
1268,9_theo_15,9,theo
1269,0_lucas_18,0,lucas
1270,6_george_35,6,george
1271,7_nicolas_4,7,nicolas
1272,7_jackson_4,7,jackson
1273,4_george_2,4,george
1274,3_lucas_48,3,lucas
1275,3_yweweler_7,3,yweweler
1276,8_theo_16,8,theo
1277,3_yweweler_12,3,yweweler
1278,3_yweweler_24,3,yweweler
1279,8_yweweler_11,8,yweweler
1280,3_jackson_39,3,jackson
1281,9_yweweler_36,9,yweweler
1282,3_george_45,3,george
1283,6_yweweler_7,6,yweweler
1284,0_lucas_33,0,lucas
1285,3_theo_4,3,theo
1286,3_nicolas_4,3,nicolas
1287,9_jackson_20,9,jackson
1288,7_george_29,7,george
1289,1_jackson_13,1,jackson
1290,7_jackson_36,7,jackson
1291,1_george_19,1,george
1292,8_yweweler_13,8,yweweler
1293,3_jackson_40,3,jackson
1294,2_jackson_7,2,jackson
1295,6_nicolas_46,6,nicolas
1296,2_yweweler_49,2,yweweler
1297,4_lucas_42,4,lucas
1298,2_theo_32,2,theo
1299,9_george_14,9,george
1300,6_george_19,6,george
1301,8_lucas_10,8,lucas
1302,5_nicolas_42,5,nicolas
1303,2_nicolas_23,2,nicolas
1304,2_lucas_48,2,lucas
1305,0_lucas_43,0,lucas
1306,7_george_37,7,george
1307,3_jackson_19,3,jackson
1308,7_lucas_18,7,lucas
1309,4_yweweler_5,4,yweweler
1310,6_george_21,6,george
1311,8_lucas_33,8,lucas
1312,1_theo_27,1,theo
1313,0_nicolas_12,0,nicolas
1314,8_yweweler_21,8,yweweler
1315,5_lucas_4,5,lucas
1316,8_lucas_43,8,lucas
1317,8_lucas_6,8,lucas
1318,7_theo_11,7,theo
1319,3_lucas_29,3,lucas
1320,6_yweweler_2,6,yweweler
1321,0_jackson_41,0,jackson
1322,3_george_32,3,george
1323,0_jackson_19,0,jackson
1324,2_george_43,2,george
1325,6_george_31,6,george
1326,8_jackson_7,8,jackson
1327,9_nicolas_2,9,nicolas
1328,8_nicolas_24,8,nicolas
1329,7_nicolas_33,7,nicolas
1330,1_jackson_45,1,jackson
1331,7_nicolas_28,7,nicolas
1332,5_lucas_6,5,lucas
1333,6_nicolas_43,6,nicolas
1334,2_nicolas_24,2,nicolas
1335,5_lucas_39,5,lucas
1336,5_jackson_5,5,jackson
1337,3_nicolas_39,3,nicolas
1338,0_jackson_17,0,jackson
1339,1_theo_42,1,theo
1340,5_lucas_31,5,lucas
1341,1_lucas_19,1,lucas
1342,5_yweweler_7,5,yweweler
1343,6_nicolas_23,6,nicolas
1344,0_yweweler_4,0,yweweler
1345,9_theo_44,9,theo
1346,9_theo_0,9,theo
1347,0_lucas_22,0,lucas
1348,1_nicolas_11,1,nicolas
1349,1_lucas_10,1,lucas
1350,3_lucas_7,3,lucas
1351,9_george_44,9,george
1352,6_theo_26,6,theo
1353,8_nicolas_30,8,nicolas
1354,7_lucas_12,7,lucas
1355,7_yweweler_31,7,yweweler
1356,2_lucas_29,2,lucas
1357,7_george_1,7,george
1358,1_theo_22,1,theo
1359,8_theo_9,8,theo
1360,2_jackson_28,2,jackson
1361,8_yweweler_29,8,yweweler
1362,7_george_3,7,george
1363,9_lucas_23,9,lucas
1364,9_george_26,9,george
1365,3_jackson_48,3,jackson
1366,9_lucas_24,9,lucas
1367,2_jackson_9,2,jackson
1368,7_jackson_5,7,jackson
1369,3_jackson_43,3,jackson
1370,3_theo_5,3,theo
1371,4_jackson_5,4,jackson
1372,7_george_10,7,george
1373,7_lucas_29,7,lucas
1374,0_jackson_16,0,jackson
1375,1_theo_3,1,theo
1376,2_nicolas_30,2,nicolas
1377,1_nicolas_8,1,nicolas
1378,4_lucas_32,4,lucas
1379,5_theo_29,5,theo
1380,2_nicolas_39,2,nicolas
1381,5_theo_32,5,theo
1382,5_george_46,5,george
1383,4_yweweler_49,4,yweweler
1384,4_jackson_23,4,jackson
1385,1_yweweler_7,1,yweweler
1386,2_yweweler_47,2,yweweler
1387,6_theo_31,6,theo
1388,5_jackson_11,5,jackson
1389,2_theo_23,2,theo
1390,9_lucas_49,9,lucas
1391,0_yweweler_16,0,yweweler
1392,4_george_7,4,george
1393,5_lucas_21,5,lucas
1394,8_jackson_12,8,jackson
1395,0_nicolas_11,0,nicolas
1396,7_jackson_38,7,jackson
1397,9_nicolas_34,9,nicolas
1398,5_nicolas_14,5,nicolas
1399,8_jackson_33,8,jackson
1400,0_jackson_5,0,jackson
1401,1_yweweler_15,1,yweweler
1402,3_theo_14,3,theo
1403,3_lucas_9,3,lucas
1404,8_theo_22,8,theo
1405,2_nicolas_33,2,nicolas
1406,4_nicolas_3,4,nicolas
1407,1_george_45,1,george
1408,6_nicolas_27,6,nicolas
1409,7_lucas_15,7,lucas
1410,1_yweweler_43,1,yweweler
1411,7_yweweler_39,7,yweweler
1412,9_george_40,9,george
1413,6_yweweler_23,6,yweweler
1414,4_theo_7,4,theo
1415,0_lucas_20,0,lucas
1416,1_yweweler_25,1,yweweler
1417,3_jackson_5,3,jackson
1418,8_nicolas_23,8,nicolas
1419,6_george_2,6,george
1420,0_theo_28,0,theo
1421,3_yweweler_35,3,yweweler
1422,1_nicolas_0,1,nicolas
1423,6_george_28,6,george
1424,2_lucas_3,2,lucas
1425,1_yweweler_13,1,yweweler
1426,8_yweweler_19,8,yweweler
1427,8_nicolas_29,8,nicolas
1428,0_lucas_29,0,lucas
1429,6_theo_28,6,theo
1430,5_yweweler_5,5,yweweler
1431,5_lucas_45,5,lucas
1432,8_george_10,8,george
1433,6_yweweler_32,6,yweweler
1434,9_george_12,9,george
1435,1_theo_5,1,theo
1436,4_theo_27,4,theo
1437,7_jackson_19,7,jackson
1438,1_nicolas_3,1,nicolas
1439,9_theo_32,9,theo
1440,4_nicolas_43,4,nicolas
1441,2_lucas_32,2,lucas
1442,2_nicolas_0,2,nicolas
1443,3_theo_42,3,theo
1444,8_nicolas_1,8,nicolas
1445,1_george_40,1,george
1446,0_jackson_27,0,jackson
1447,0_nicolas_35,0,nicolas
1448,8_george_31,8,george
1449,2_jackson_25,2,jackson
1450,8_jackson_21,8,jackson
1451,0_george_48,0,george
1452,5_yweweler_33,5,yweweler
1453,8_jackson_49,8,jackson
1454,9_nicolas_17,9,nicolas
1455,3_yweweler_0,3,yweweler
1456,9_jackson_27,9,jackson
1457,9_george_27,9,george
1458,8_lucas_15,8,lucas
1459,1_jackson_6,1,jackson
1460,5_nicolas_34,5,nicolas
1461,5_theo_6,5,theo
1462,7_jackson_44,7,jackson
1463,2_jackson_39,2,jackson
1464,2_yweweler_41,2,yweweler
1465,0_george_8,0,george
1466,7_yweweler_42,7,yweweler
1467,0_lucas_19,0,lucas
1468,9_theo_20,9,theo
1469,3_yweweler_25,3,yweweler
1470,3_theo_27,3,theo
1471,2_george_0,2,george
1472,2_george_23,2,george
1473,4_george_43,4,george
1474,5_lucas_24,5,lucas
1475,8_george_37,8,george
1476,7_yweweler_13,7,yweweler
1477,5_lucas_1,5,lucas
1478,6_nicolas_0,6,nicolas
1479,2_lucas_14,2,lucas
1480,9_lucas_37,9,lucas
1481,7_lucas_49,7,lucas
1482,5_jackson_26,5,jackson
1483,8_george_32,8,george
1484,1_theo_45,1,theo
1485,5_theo_20,5,theo
1486,7_theo_45,7,theo
1487,2_nicolas_25,2,nicolas
1488,9_yweweler_3,9,yweweler
1489,8_lucas_25,8,lucas
1490,4_yweweler_36,4,yweweler
1491,3_jackson_42,3,jackson
1492,1_lucas_38,1,lucas
1493,0_nicolas_49,0,nicolas
1494,9_yweweler_44,9,yweweler
1495,3_lucas_45,3,lucas
1496,1_theo_1,1,theo
1497,2_george_18,2,george
1498,4_jackson_24,4,jackson
1499,8_lucas_19,8,lucas
1500,5_yweweler_6,5,yweweler
1501,1_nicolas_49,1,nicolas
1502,8_theo_43,8,theo
1503,0_yweweler_42,0,yweweler
1504,8_theo_18,8,theo
1505,5_nicolas_18,5,nicolas
1506,8_nicolas_13,8,nicolas
1507,3_theo_6,3,theo
1508,7_lucas_47,7,lucas
1509,2_lucas_33,2,lucas
1510,4_george_34,4,george
1511,4_george_46,4,george
1512,6_yweweler_31,6,yweweler
1513,9_theo_9,9,theo
1514,7_nicolas_15,7,nicolas
1515,1_jackson_40,1,jackson
1516,5_theo_27,5,theo
1517,4_yweweler_42,4,yweweler
1518,4_george_1,4,george
1519,3_lucas_35,3,lucas
1520,4_nicolas_8,4,nicolas
1521,9_george_48,9,george
1522,8_jackson_14,8,jackson
1523,5_yweweler_1,5,yweweler
1524,6_theo_16,6,theo
1525,9_jackson_9,9,jackson
1526,7_yweweler_12,7,yweweler
1527,6_yweweler_42,6,yweweler
1528,0_jackson_25,0,jackson
1529,3_jackson_24,3,jackson
1530,1_george_34,1,george
1531,1_george_11,1,george
1532,4_theo_43,4,theo
1533,2_jackson_15,2,jackson
1534,6_lucas_13,6,lucas
1535,3_lucas_39,3,lucas
1536,8_jackson_15,8,jackson
1537,2_lucas_11,2,lucas
1538,2_george_4,2,george
1539,1_lucas_0,1,lucas
1540,6_george_9,6,george
1541,4_lucas_30,4,lucas
1542,1_george_49,1,george
1543,5_jackson_7,5,jackson
1544,7_george_6,7,george
1545,0_george_3,0,george
1546,2_yweweler_23,2,yweweler
1547,1_jackson_23,1,jackson
1548,8_theo_26,8,theo
1549,9_theo_28,9,theo
1550,3_george_35,3,george
1551,5_nicolas_1,5,nicolas
1552,8_lucas_23,8,lucas
1553,8_george_15,8,george
1554,1_george_35,1,george
1555,0_theo_22,0,theo
1556,3_lucas_38,3,lucas
1557,2_jackson_45,2,jackson
1558,1_nicolas_16,1,nicolas
1559,1_george_2,1,george
1560,4_jackson_12,4,jackson
1561,9_theo_11,9,theo
1562,0_lucas_49,0,lucas
1563,6_jackson_26,6,jackson
1564,6_nicolas_41,6,nicolas
1565,6_george_13,6,george
1566,1_theo_18,1,theo
1567,9_lucas_15,9,lucas
1568,5_george_42,5,george
1569,7_lucas_43,7,lucas
1570,3_theo_36,3,theo
1571,5_yweweler_43,5,yweweler
1572,1_yweweler_0,1,yweweler
1573,5_yweweler_46,5,yweweler
1574,9_lucas_48,9,lucas
1575,3_lucas_6,3,lucas
1576,5_lucas_36,5,lucas
1577,5_yweweler_39,5,yweweler
1578,4_theo_41,4,theo
1579,9_lucas_7,9,lucas
1580,0_lucas_27,0,lucas
1581,4_nicolas_28,4,nicolas
1582,3_lucas_11,3,lucas
1583,4_lucas_47,4,lucas
1584,3_yweweler_41,3,yweweler
1585,8_nicolas_49,8,nicolas
1586,1_theo_32,1,theo
1587,7_lucas_5,7,lucas
1588,6_lucas_25,6,lucas
1589,7_george_41,7,george
1590,7_yweweler_10,7,yweweler
1591,2_jackson_49,2,jackson
1592,8_jackson_2,8,jackson
1593,5_nicolas_46,5,nicolas
1594,4_theo_24,4,theo
1595,7_nicolas_32,7,nicolas
1596,3_yweweler_42,3,yweweler
1597,9_theo_23,9,theo
1598,2_yweweler_6,2,yweweler
1599,4_theo_38,4,theo
1600,0_george_7,0,george
1601,7_jackson_8,7,jackson
1602,1_george_27,1,george
1603,7_lucas_10,7,lucas
1604,1_nicolas_28,1,nicolas
1605,0_jackson_28,0,jackson
1606,6_theo_45,6,theo
1607,6_nicolas_22,6,nicolas
1608,5_jackson_38,5,jackson
1609,6_george_32,6,george
1610,1_jackson_43,1,jackson
1611,0_nicolas_4,0,nicolas
1612,4_yweweler_22,4,yweweler
1613,7_yweweler_3,7,yweweler
1614,5_yweweler_2,5,yweweler
1615,8_jackson_11,8,jackson
1616,7_jackson_33,7,jackson
1617,8_yweweler_12,8,yweweler
1618,8_lucas_38,8,lucas
1619,5_yweweler_47,5,yweweler
1620,8_yweweler_38,8,yweweler
1621,9_nicolas_47,9,nicolas
1622,7_nicolas_38,7,nicolas
1623,8_nicolas_12,8,nicolas
1624,7_yweweler_49,7,yweweler
1625,3_yweweler_36,3,yweweler
1626,5_george_47,5,george
1627,9_lucas_36,9,lucas
1628,5_george_39,5,george
1629,4_theo_9,4,theo
1630,8_lucas_44,8,lucas
1631,7_jackson_9,7,jackson
1632,2_theo_41,2,theo
1633,8_theo_24,8,theo
1634,9_nicolas_16,9,nicolas
1635,5_yweweler_9,5,yweweler
1636,0_nicolas_5,0,nicolas
1637,1_theo_44,1,theo
1638,8_jackson_41,8,jackson
1639,8_nicolas_35,8,nicolas
1640,7_yweweler_25,7,yweweler
1641,3_theo_9,3,theo
1642,7_theo_26,7,theo
1643,7_yweweler_36,7,yweweler
1644,0_theo_34,0,theo
1645,5_nicolas_40,5,nicolas
1646,1_jackson_33,1,jackson
1647,8_theo_25,8,theo
1648,1_yweweler_10,1,yweweler
1649,4_nicolas_7,4,nicolas
1650,9_lucas_44,9,lucas
1651,2_yweweler_11,2,yweweler
1652,6_george_26,6,george
1653,2_lucas_40,2,lucas
1654,1_theo_47,1,theo
1655,1_jackson_15,1,jackson
1656,1_theo_40,1,theo
1657,7_yweweler_43,7,yweweler
1658,7_lucas_44,7,lucas
1659,1_yweweler_27,1,yweweler
1660,3_theo_39,3,theo
1661,9_yweweler_38,9,yweweler
1662,7_yweweler_4,7,yweweler
1663,0_jackson_36,0,jackson
1664,2_lucas_31,2,lucas
1665,5_yweweler_49,5,yweweler
1666,6_george_33,6,george
1667,9_yweweler_19,9,yweweler
1668,4_lucas_37,4,lucas
1669,7_nicolas_45,7,nicolas
1670,1_theo_37,1,theo
1671,8_yweweler_37,8,yweweler
1672,3_jackson_36,3,jackson
1673,2_yweweler_42,2,yweweler
1674,4_nicolas_38,4,nicolas
1675,2_george_12,2,george
1676,7_george_14,7,george
1677,8_yweweler_5,8,yweweler
1678,3_yweweler_31,3,yweweler
1679,0_yweweler_44,0,yweweler
1680,6_yweweler_46,6,yweweler
1681,8_lucas_36,8,lucas
1682,8_george_27,8,george
1683,6_jackson_43,6,jackson
1684,5_yweweler_30,5,yweweler
1685,1_yweweler_8,1,yweweler
1686,6_theo_38,6,theo
1687,8_george_4,8,george
1688,4_lucas_5,4,lucas
1689,9_george_10,9,george
1690,5_yweweler_25,5,yweweler
1691,6_george_30,6,george
1692,2_george_36,2,george
1693,6_george_44,6,george
1694,9_nicolas_38,9,nicolas
1695,5_nicolas_4,5,nicolas
1696,5_yweweler_17,5,yweweler
1697,2_theo_25,2,theo
1698,3_lucas_17,3,lucas
1699,4_nicolas_41,4,nicolas
1700,9_george_49,9,george
1701,8_jackson_40,8,jackson
1702,4_jackson_17,4,jackson
1703,0_jackson_48,0,jackson
1704,4_jackson_3,4,jackson
1705,0_theo_23,0,theo
1706,2_jackson_6,2,jackson
1707,9_george_43,9,george
1708,9_lucas_17,9,lucas
1709,9_nicolas_40,9,nicolas
1710,7_george_48,7,george
1711,0_jackson_12,0,jackson
1712,7_jackson_0,7,jackson
1713,5_yweweler_11,5,yweweler
1714,0_theo_30,0,theo
1715,1_jackson_0,1,jackson
1716,1_lucas_13,1,lucas
1717,1_yweweler_5,1,yweweler
1718,1_jackson_19,1,jackson
1719,8_george_1,8,george
1720,4_jackson_44,4,jackson
1721,9_jackson_17,9,jackson
1722,0_yweweler_48,0,yweweler
1723,0_nicolas_23,0,nicolas
1724,0_theo_8,0,theo
1725,3_jackson_0,3,jackson
1726,5_jackson_39,5,jackson
1727,5_nicolas_49,5,nicolas
1728,1_george_3,1,george
1729,9_george_32,9,george
1730,3_nicolas_37,3,nicolas
1731,4_yweweler_15,4,yweweler
1732,1_theo_29,1,theo
1733,8_lucas_47,8,lucas
1734,4_nicolas_19,4,nicolas
1735,3_theo_21,3,theo
1736,1_lucas_41,1,lucas
1737,1_theo_11,1,theo
1738,2_jackson_46,2,jackson
1739,6_jackson_8,6,jackson
1740,0_jackson_0,0,jackson
1741,9_jackson_26,9,jackson
1742,9_nicolas_22,9,nicolas
1743,6_yweweler_35,6,yweweler
1744,8_jackson_46,8,jackson
1745,5_jackson_3,5,jackson
1746,9_lucas_26,9,lucas
1747,3_lucas_47,3,lucas
1748,6_nicolas_33,6,nicolas
1749,2_yweweler_43,2,yweweler
1750,4_lucas_11,4,lucas
1751,2_lucas_2,2,lucas
1752,9_theo_24,9,theo
1753,1_theo_34,1,theo
1754,2_george_13,2,george
1755,4_lucas_19,4,lucas
1756,8_theo_42,8,theo
1757,6_nicolas_39,6,nicolas
1758,2_nicolas_28,2,nicolas
1759,7_nicolas_21,7,nicolas
1760,1_george_21,1,george
1761,1_lucas_16,1,lucas
1762,2_nicolas_26,2,nicolas
1763,8_lucas_17,8,lucas
1764,7_yweweler_11,7,yweweler
1765,0_nicolas_42,0,nicolas
1766,9_lucas_0,9,lucas
1767,2_yweweler_31,2,yweweler
1768,8_nicolas_20,8,nicolas
1769,2_nicolas_41,2,nicolas
1770,2_yweweler_36,2,yweweler
1771,7_jackson_49,7,jackson
1772,6_nicolas_37,6,nicolas
1773,0_lucas_4,0,lucas
1774,8_jackson_45,8,jackson
1775,7_lucas_48,7,lucas
1776,8_lucas_3,8,lucas
1777,9_jackson_47,9,jackson
1778,2_jackson_34,2,jackson
1779,8_lucas_9,8,lucas
1780,1_nicolas_20,1,nicolas
1781,0_nicolas_36,0,nicolas
1782,2_lucas_30,2,lucas
1783,1_jackson_46,1,jackson
1784,8_lucas_5,8,lucas
1785,8_nicolas_42,8,nicolas
1786,1_nicolas_35,1,nicolas
1787,5_yweweler_34,5,yweweler
1788,2_jackson_14,2,jackson
1789,0_jackson_44,0,jackson
1790,4_jackson_8,4,jackson
1791,8_george_26,8,george
1792,9_yweweler_4,9,yweweler
1793,9_theo_39,9,theo
1794,6_george_37,6,george
1795,1_theo_12,1,theo
1796,3_jackson_45,3,jackson
1797,6_george_41,6,george
1798,2_george_19,2,george
1799,0_lucas_3,0,lucas
1800,2_nicolas_8,2,nicolas
1801,3_george_5,3,george
1802,2_george_35,2,george
1803,4_nicolas_20,4,nicolas
1804,8_jackson_22,8,jackson
1805,9_nicolas_31,9,nicolas
1806,5_nicolas_20,5,nicolas
1807,4_theo_22,4,theo
1808,9_theo_5,9,theo
1809,3_jackson_15,3,jackson
1810,6_jackson_16,6,jackson
1811,1_nicolas_27,1,nicolas
1812,4_jackson_35,4,jackson
1813,2_george_33,2,george
1814,5_lucas_14,5,lucas
1815,4_theo_13,4,theo
1816,3_nicolas_0,3,nicolas
1817,0_nicolas_19,0,nicolas
1818,1_george_48,1,george
1819,5_jackson_27,5,jackson
1820,2_jackson_2,2,jackson
1821,6_theo_1,6,theo
1822,7_jackson_14,7,jackson
1823,6_lucas_15,6,lucas
1824,3_nicolas_22,3,nicolas
1825,3_theo_47,3,theo
1826,5_george_29,5,george
1827,3_jackson_29,3,jackson
1828,4_nicolas_18,4,nicolas
1829,6_lucas_27,6,lucas
1830,7_nicolas_20,7,nicolas
1831,0_yweweler_41,0,yweweler
1832,0_yweweler_2,0,yweweler
1833,1_lucas_39,1,lucas
1834,5_theo_36,5,theo
1835,0_lucas_31,0,lucas
1836,7_jackson_1,7,jackson
1837,2_theo_16,2,theo
1838,9_yweweler_12,9,yweweler
1839,7_yweweler_19,7,yweweler
1840,3_lucas_33,3,lucas
1841,4_lucas_0,4,lucas
1842,1_lucas_3,1,lucas
1843,4_nicolas_36,4,nicolas
1844,4_george_32,4,george
1845,5_lucas_11,5,lucas
1846,3_lucas_32,3,lucas
1847,8_theo_34,8,theo
1848,5_lucas_9,5,lucas
1849,8_george_49,8,george
1850,8_george_34,8,george
1851,4_lucas_3,4,lucas
1852,2_lucas_25,2,lucas
1853,0_theo_6,0,theo
1854,2_theo_13,2,theo
1855,6_nicolas_19,6,nicolas
1856,5_jackson_16,5,jackson
1857,2_yweweler_25,2,yweweler
1858,6_nicolas_36,6,nicolas
1859,5_lucas_41,5,lucas
1860,1_george_47,1,george
1861,6_yweweler_29,6,yweweler
1862,0_george_34,0,george
1863,3_theo_37,3,theo
1864,1_theo_9,1,theo
1865,2_jackson_26,2,jackson
1866,4_george_21,4,george
1867,1_lucas_15,1,lucas
1868,8_jackson_19,8,jackson
1869,0_theo_41,0,theo
1870,7_nicolas_27,7,nicolas
1871,8_theo_38,8,theo
1872,9_lucas_33,9,lucas
1873,8_george_6,8,george
1874,2_lucas_18,2,lucas
1875,5_lucas_32,5,lucas
1876,9_george_11,9,george
1877,4_george_6,4,george
1878,8_george_3,8,george
1879,6_theo_21,6,theo
1880,9_yweweler_5,9,yweweler
1881,3_nicolas_40,3,nicolas
1882,8_nicolas_40,8,nicolas
1883,7_yweweler_8,7,yweweler
1884,4_george_12,4,george
1885,7_nicolas_29,7,nicolas
1886,6_yweweler_12,6,yweweler
1887,5_jackson_19,5,jackson
1888,4_george_25,4,george
1889,8_nicolas_39,8,nicolas
1890,1_nicolas_36,1,nicolas
1891,6_theo_36,6,theo
1892,5_yweweler_32,5,yweweler
1893,1_george_38,1,george
1894,1_theo_26,1,theo
1895,8_jackson_44,8,jackson
1896,0_george_23,0,george
1897,9_george_38,9,george
1898,3_george_16,3,george
1899,3_george_11,3,george
1900,8_nicolas_16,8,nicolas
1901,2_nicolas_42,2,nicolas
1902,1_yweweler_22,1,yweweler
1903,0_lucas_30,0,lucas
1904,0_theo_18,0,theo
1905,3_lucas_3,3,lucas
1906,0_george_29,0,george
1907,4_yweweler_2,4,yweweler
1908,1_george_43,1,george
1909,8_nicolas_46,8,nicolas
1910,3_nicolas_15,3,nicolas
1911,2_theo_18,2,theo
1912,0_jackson_33,0,jackson
1913,3_yweweler_11,3,yweweler
1914,9_jackson_4,9,jackson
1915,6_lucas_35,6,lucas
1916,0_george_4,0,george
1917,3_george_26,3,george
1918,3_jackson_22,3,jackson
1919,6_yweweler_43,6,yweweler
1920,4_theo_0,4,theo
1921,0_george_2,0,george
1922,9_theo_2,9,theo
1923,7_nicolas_8,7,nicolas
1924,4_theo_16,4,theo
1925,5_theo_39,5,theo
1926,9_george_17,9,george
1927,2_yweweler_8,2,yweweler
1928,7_nicolas_47,7,nicolas
1929,9_theo_4,9,theo
1930,9_george_35,9,george
1931,5_lucas_5,5,lucas
1932,4_jackson_47,4,jackson
1933,7_lucas_34,7,lucas
1934,6_lucas_5,6,lucas
1935,2_nicolas_38,2,nicolas
1936,1_george_26,1,george
1937,8_george_0,8,george
1938,5_lucas_49,5,lucas
1939,4_lucas_25,4,lucas
1940,4_jackson_19,4,jackson
1941,0_theo_31,0,theo
1942,9_theo_12,9,theo
1943,7_yweweler_30,7,yweweler
1944,3_nicolas_33,3,nicolas
1945,1_jackson_32,1,jackson
1946,8_yweweler_31,8,yweweler
1947,7_theo_25,7,theo
1948,6_jackson_4,6,jackson
1949,9_yweweler_8,9,yweweler
1950,4_george_9,4,george
1951,1_george_37,1,george
1952,3_theo_15,3,theo
1953,6_jackson_22,6,jackson
1954,3_nicolas_17,3,nicolas
1955,9_nicolas_19,9,nicolas
1956,7_jackson_7,7,jackson
1957,1_george_46,1,george
1958,5_lucas_15,5,lucas
1959,4_nicolas_47,4,nicolas
1960,1_lucas_32,1,lucas
1961,0_lucas_11,0,lucas
1962,2_george_6,2,george
1963,6_theo_32,6,theo
1964,6_jackson_42,6,jackson
1965,3_lucas_10,3,lucas
1966,5_theo_40,5,theo
1967,0_lucas_32,0,lucas
1968,8_jackson_34,8,jackson
1969,2_lucas_17,2,lucas
1970,0_george_31,0,george
1971,0_lucas_42,0,lucas
1972,0_yweweler_21,0,yweweler
1973,6_theo_34,6,theo
1974,6_jackson_40,6,jackson
1975,2_yweweler_16,2,yweweler
1976,9_jackson_40,9,jackson
1977,1_lucas_35,1,lucas
1978,4_lucas_44,4,lucas
1979,6_lucas_23,6,lucas
1980,2_yweweler_3,2,yweweler
1981,8_theo_32,8,theo
1982,7_jackson_23,7,jackson
1983,4_theo_46,4,theo
1984,2_george_10,2,george
1985,2_yweweler_22,2,yweweler
1986,7_theo_31,7,theo
1987,5_nicolas_11,5,nicolas
1988,6_theo_44,6,theo
1989,1_nicolas_14,1,nicolas
1990,4_yweweler_8,4,yweweler
1991,0_nicolas_25,0,nicolas
1992,5_lucas_30,5,lucas
1993,0_george_45,0,george
1994,9_jackson_32,9,jackson
1995,9_theo_42,9,theo
1996,0_theo_33,0,theo
1997,4_nicolas_12,4,nicolas
1998,7_lucas_25,7,lucas
1999,3_jackson_37,3,jackson
2000,4_george_38,4,george
2001,8_theo_47,8,theo
2002,3_yweweler_22,3,yweweler
2003,9_jackson_19,9,jackson
2004,4_yweweler_33,4,yweweler
2005,0_lucas_41,0,lucas
2006,3_jackson_16,3,jackson
2007,9_jackson_3,9,jackson
2008,8_nicolas_8,8,nicolas
2009,5_theo_22,5,theo
2010,1_george_12,1,george
2011,4_yweweler_47,4,yweweler
2012,0_theo_10,0,theo
2013,8_yweweler_27,8,yweweler
2014,4_theo_25,4,theo
2015,2_lucas_5,2,lucas
2016,1_jackson_21,1,jackson
2017,5_yweweler_18,5,yweweler
2018,5_jackson_36,5,jackson
2019,1_theo_33,1,theo
2020,8_yweweler_41,8,yweweler
2021,5_yweweler_15,5,yweweler
2022,3_jackson_1,3,jackson
2023,9_lucas_10,9,lucas
2024,9_theo_31,9,theo
2025,2_george_45,2,george
2026,6_nicolas_6,6,nicolas
2027,9_yweweler_42,9,yweweler
2028,2_yweweler_28,2,yweweler
2029,9_jackson_2,9,jackson
2030,7_george_36,7,george
2031,9_george_46,9,george
2032,8_jackson_43,8,jackson
2033,5_yweweler_27,5,yweweler
2034,0_george_28,0,george
2035,8_jackson_10,8,jackson
2036,9_jackson_7,9,jackson
2037,9_nicolas_29,9,nicolas
2038,9_lucas_39,9,lucas
2039,6_nicolas_20,6,nicolas
2040,6_jackson_37,6,jackson
2041,0_nicolas_18,0,nicolas
2042,7_jackson_41,7,jackson
2043,4_nicolas_0,4,nicolas
2044,9_george_31,9,george
2045,2_yweweler_29,2,yweweler
2046,1_yweweler_48,1,yweweler
2047,7_jackson_31,7,jackson
2048,1_yweweler_47,1,yweweler
2049,3_george_30,3,george
2050,6_yweweler_26,6,yweweler
2051,0_yweweler_15,0,yweweler
2052,0_george_10,0,george
2053,3_lucas_1,3,lucas
2054,9_george_29,9,george
2055,1_theo_6,1,theo
2056,3_jackson_2,3,jackson
2057,9_george_45,9,george
2058,5_nicolas_10,5,nicolas
2059,5_george_18,5,george
2060,7_yweweler_35,7,yweweler
2061,0_jackson_1,0,jackson
2062,4_lucas_24,4,lucas
2063,2_theo_4,2,theo
2064,9_theo_37,9,theo
2065,8_lucas_31,8,lucas
2066,9_jackson_10,9,jackson
2067,9_george_6,9,george
2068,3_yweweler_8,3,yweweler
2069,5_nicolas_48,5,nicolas
2070,3_yweweler_4,3,yweweler
2071,4_lucas_1,4,lucas
2072,8_nicolas_4,8,nicolas
2073,4_lucas_39,4,lucas
2074,6_nicolas_49,6,nicolas
2075,8_george_44,8,george
2076,9_theo_46,9,theo
2077,3_george_38,3,george
2078,5_lucas_37,5,lucas
2079,3_theo_49,3,theo
2080,4_theo_17,4,theo
2081,5_george_27,5,george
2082,0_yweweler_28,0,yweweler
2083,1_jackson_1,1,jackson
2084,4_nicolas_33,4,nicolas
2085,5_nicolas_24,5,nicolas
2086,4_yweweler_45,4,yweweler
2087,3_yweweler_33,3,yweweler
2088,2_lucas_23,2,lucas
2089,3_lucas_0,3,lucas
2090,5_nicolas_25,5,nicolas
2091,0_yweweler_13,0,yweweler
2092,6_theo_48,6,theo
2093,0_george_18,0,george
2094,5_theo_23,5,theo
2095,8_jackson_38,8,jackson
2096,3_lucas_40,3,lucas
2097,1_lucas_46,1,lucas
2098,7_jackson_40,7,jackson
2099,0_george_14,0,george
2100,9_yweweler_13,9,yweweler
2101,9_theo_35,9,theo
2102,8_jackson_20,8,jackson
2103,6_jackson_14,6,jackson
2104,1_theo_24,1,theo
2105,3_yweweler_32,3,yweweler
2106,6_lucas_18,6,lucas
2107,0_lucas_24,0,lucas
2108,7_george_33,7,george
2109,3_lucas_13,3,lucas
2110,2_lucas_9,2,lucas
2111,2_yweweler_35,2,yweweler
2112,8_jackson_6,8,jackson
2113,3_nicolas_14,3,nicolas
2114,7_jackson_29,7,jackson
2115,3_lucas_42,3,lucas
2116,0_yweweler_49,0,yweweler
2117,9_lucas_35,9,lucas
2118,6_george_11,6,george
2119,7_george_24,7,george
2120,5_george_12,5,george
2121,0_yweweler_27,0,yweweler
2122,9_george_24,9,george
2123,8_nicolas_9,8,nicolas
2124,6_lucas_17,6,lucas
2125,9_lucas_16,9,lucas
2126,6_lucas_45,6,lucas
2127,1_yweweler_42,1,yweweler
2128,3_jackson_14,3,jackson
2129,9_nicolas_36,9,nicolas
2130,8_nicolas_15,8,nicolas
2131,3_george_41,3,george
2132,9_yweweler_24,9,yweweler
2133,0_nicolas_3,0,nicolas
2134,1_george_8,1,george
2135,0_yweweler_36,0,yweweler
2136,9_lucas_3,9,lucas
2137,4_theo_39,4,theo
2138,5_lucas_16,5,lucas
2139,4_theo_21,4,theo
2140,3_theo_26,3,theo
2141,8_theo_1,8,theo
2142,6_yweweler_8,6,yweweler
2143,2_george_39,2,george
2144,3_nicolas_1,3,nicolas
2145,2_theo_30,2,theo
2146,7_theo_0,7,theo
2147,5_nicolas_29,5,nicolas
2148,0_jackson_26,0,jackson
2149,0_yweweler_12,0,yweweler
2150,7_jackson_34,7,jackson
2151,7_theo_6,7,theo
2152,2_george_21,2,george
2153,7_theo_12,7,theo
2154,3_theo_28,3,theo
2155,7_jackson_21,7,jackson
2156,7_theo_39,7,theo
2157,3_jackson_13,3,jackson
2158,0_nicolas_7,0,nicolas
2159,6_theo_30,6,theo
2160,3_lucas_15,3,lucas
2161,2_theo_0,2,theo
2162,5_jackson_22,5,jackson
2163,7_theo_46,7,theo
2164,2_george_24,2,george
2165,6_theo_7,6,theo
2166,6_lucas_19,6,lucas
2167,7_jackson_10,7,jackson
2168,5_yweweler_10,5,yweweler
2169,0_yweweler_11,0,yweweler
2170,1_george_29,1,george
2171,7_jackson_20,7,jackson
2172,6_lucas_44,6,lucas
2173,8_lucas_12,8,lucas
2174,0_george_25,0,george
2175,1_nicolas_1,1,nicolas
2176,9_yweweler_45,9,yweweler
2177,5_yweweler_38,5,yweweler
2178,4_nicolas_27,4,nicolas
2179,8_george_7,8,george
2180,5_jackson_28,5,jackson
2181,6_lucas_41,6,lucas
2182,7_lucas_38,7,lucas
2183,4_jackson_38,4,jackson
2184,8_theo_23,8,theo
2185,1_jackson_14,1,jackson
2186,6_jackson_28,6,jackson
2187,5_nicolas_39,5,nicolas
2188,5_theo_16,5,theo
2189,8_nicolas_31,8,nicolas
2190,9_nicolas_13,9,nicolas
2191,5_nicolas_36,5,nicolas
2192,1_theo_15,1,theo
2193,3_theo_12,3,theo
2194,2_yweweler_46,2,yweweler
2195,6_lucas_8,6,lucas
2196,3_jackson_30,3,jackson
2197,3_nicolas_18,3,nicolas
2198,2_george_1,2,george
2199,8_jackson_30,8,jackson
2200,5_george_22,5,george
2201,2_nicolas_15,2,nicolas
2202,2_lucas_47,2,lucas
2203,2_jackson_47,2,jackson
2204,6_nicolas_13,6,nicolas
2205,4_nicolas_21,4,nicolas
2206,5_nicolas_26,5,nicolas
2207,3_nicolas_27,3,nicolas
2208,7_theo_47,7,theo
2209,9_george_3,9,george
2210,6_theo_18,6,theo
2211,1_yweweler_21,1,yweweler
2212,3_jackson_44,3,jackson
2213,7_theo_8,7,theo
2214,7_yweweler_23,7,yweweler
2215,1_nicolas_24,1,nicolas
2216,4_theo_5,4,theo
2217,8_yweweler_40,8,yweweler
2218,2_jackson_8,2,jackson
2219,8_george_24,8,george
2220,3_theo_16,3,theo
2221,5_jackson_30,5,jackson
2222,4_theo_49,4,theo
2223,5_yweweler_45,5,yweweler
2224,4_george_49,4,george
2225,6_lucas_43,6,lucas
2226,0_yweweler_39,0,yweweler
2227,4_nicolas_10,4,nicolas
2228,4_george_37,4,george
2229,4_nicolas_11,4,nicolas
2230,0_lucas_23,0,lucas
2231,1_yweweler_20,1,yweweler
2232,1_george_39,1,george
2233,2_george_2,2,george
2234,5_jackson_44,5,jackson
2235,3_george_21,3,george
2236,9_george_39,9,george
2237,0_nicolas_29,0,nicolas
2238,3_lucas_34,3,lucas
2239,8_yweweler_30,8,yweweler
2240,5_george_32,5,george
2241,5_lucas_34,5,lucas
2242,5_nicolas_8,5,nicolas
2243,0_lucas_40,0,lucas
2244,2_george_31,2,george
2245,9_jackson_43,9,jackson
2246,0_george_22,0,george
2247,6_george_1,6,george
2248,9_theo_48,9,theo
2249,1_jackson_7,1,jackson
2250,9_george_30,9,george
2251,0_yweweler_47,0,yweweler
2252,5_nicolas_7,5,nicolas
2253,6_lucas_11,6,lucas
2254,3_yweweler_1,3,yweweler
2255,6_jackson_27,6,jackson
2256,5_theo_49,5,theo
2257,1_jackson_5,1,jackson
2258,1_theo_7,1,theo
2259,0_nicolas_27,0,nicolas
2260,7_jackson_2,7,jackson
2261,4_lucas_22,4,lucas
2262,0_theo_45,0,theo
2263,4_jackson_49,4,jackson
2264,3_theo_8,3,theo
2265,6_yweweler_30,6,yweweler
2266,5_yweweler_40,5,yweweler
2267,1_jackson_16,1,jackson
2268,8_theo_21,8,theo
2269,5_yweweler_0,5,yweweler
2270,4_nicolas_25,4,nicolas
2271,2_jackson_5,2,jackson
2272,8_lucas_45,8,lucas
2273,8_yweweler_23,8,yweweler
2274,5_george_31,5,george
2275,7_nicolas_2,7,nicolas
2276,4_theo_26,4,theo
2277,4_jackson_40,4,jackson
2278,0_nicolas_33,0,nicolas
2279,6_jackson_30,6,jackson
2280,3_george_28,3,george
2281,2_theo_39,2,theo
2282,2_jackson_21,2,jackson
2283,4_george_23,4,george
2284,5_george_6,5,george
2285,0_yweweler_30,0,yweweler
2286,9_jackson_14,9,jackson
2287,3_george_47,3,george
2288,6_theo_9,6,theo
2289,2_george_46,2,george
2290,3_jackson_35,3,jackson
2291,4_george_28,4,george
2292,8_jackson_23,8,jackson
2293,0_nicolas_17,0,nicolas
2294,2_theo_48,2,theo
2295,3_theo_20,3,theo
2296,3_jackson_3,3,jackson
2297,4_george_30,4,george
2298,7_yweweler_6,7,yweweler
2299,4_theo_1,4,theo
2300,3_theo_22,3,theo
2301,0_theo_36,0,theo
2302,4_theo_47,4,theo
2303,3_george_10,3,george
2304,8_nicolas_18,8,nicolas
2305,9_george_5,9,george
2306,6_george_18,6,george
2307,7_lucas_40,7,lucas
2308,6_jackson_32,6,jackson
2309,2_george_20,2,george
2310,0_nicolas_30,0,nicolas
2311,4_theo_11,4,theo
2312,5_nicolas_13,5,nicolas
2313,4_jackson_11,4,jackson
2314,6_lucas_37,6,lucas
2315,0_lucas_47,0,lucas
2316,9_yweweler_20,9,yweweler
2317,7_jackson_27,7,jackson
2318,0_nicolas_15,0,nicolas
2319,6_george_4,6,george
2320,2_nicolas_5,2,nicolas
2321,2_nicolas_14,2,nicolas
2322,9_theo_34,9,theo
2323,4_george_45,4,george
2324,2_theo_35,2,theo
2325,9_nicolas_8,9,nicolas
2326,9_jackson_15,9,jackson
2327,9_jackson_28,9,jackson
2328,0_theo_47,0,theo
2329,3_george_20,3,george
2330,7_george_40,7,george
2331,6_yweweler_13,6,yweweler
2332,5_lucas_33,5,lucas
2333,5_theo_17,5,theo
2334,8_theo_11,8,theo
2335,6_yweweler_33,6,yweweler
2336,1_jackson_39,1,jackson
2337,4_george_31,4,george
2338,5_george_24,5,george
2339,6_yweweler_18,6,yweweler
2340,0_yweweler_29,0,yweweler
2341,6_yweweler_24,6,yweweler
2342,1_george_44,1,george
2343,6_nicolas_48,6,nicolas
2344,1_nicolas_2,1,nicolas
2345,2_lucas_6,2,lucas
2346,2_george_28,2,george
2347,9_theo_19,9,theo
2348,4_lucas_48,4,lucas
2349,4_george_14,4,george
2350,3_george_49,3,george
2351,3_jackson_4,3,jackson
2352,6_nicolas_8,6,nicolas
2353,4_lucas_14,4,lucas
2354,7_theo_5,7,theo
2355,8_theo_14,8,theo
2356,7_jackson_35,7,jackson
2357,6_yweweler_49,6,yweweler
2358,4_george_41,4,george
2359,6_jackson_38,6,jackson
2360,6_theo_29,6,theo
2361,8_george_33,8,george
2362,1_nicolas_6,1,nicolas
2363,8_george_46,8,george
2364,5_theo_47,5,theo
2365,5_yweweler_48,5,yweweler
2366,7_nicolas_40,7,nicolas
2367,1_yweweler_32,1,yweweler
2368,4_lucas_33,4,lucas
2369,2_nicolas_35,2,nicolas
2370,6_yweweler_38,6,yweweler
2371,6_nicolas_45,6,nicolas
2372,2_jackson_13,2,jackson
2373,5_yweweler_16,5,yweweler
2374,1_nicolas_17,1,nicolas
2375,1_nicolas_13,1,nicolas
2376,2_theo_28,2,theo
2377,6_nicolas_12,6,nicolas
2378,8_lucas_8,8,lucas
2379,9_yweweler_7,9,yweweler
2380,4_jackson_7,4,jackson
2381,1_yweweler_39,1,yweweler
2382,9_jackson_5,9,jackson
2383,6_theo_5,6,theo
2384,3_jackson_34,3,jackson
2385,6_yweweler_9,6,yweweler
2386,3_yweweler_10,3,yweweler
2387,0_george_35,0,george
2388,9_george_47,9,george
2389,2_theo_17,2,theo
2390,9_lucas_18,9,lucas
2391,8_nicolas_37,8,nicolas
2392,0_theo_20,0,theo
2393,4_theo_34,4,theo
2394,8_george_29,8,george
2395,4_theo_12,4,theo
2396,9_jackson_45,9,jackson
2397,6_nicolas_10,6,nicolas
2398,9_yweweler_16,9,yweweler
2399,6_george_43,6,george
